{
  "id": "ca897c05-2f52-4554-bd3b-f40d600a68ff",
  "name": "MUA_Mover",
  "tags": ["function"],
  "model": "models/cube.glb",
  "category": "Smart Items",
  "parameters": [
    {
      "id": "speed",
      "label": "Speed",
      "type": "float",
      "default": 1
    },
    {
      "id": "stageJson",
      "label": "Positions",
      "type": "text"
    },
    {
      "id": "platform",
      "label": "Platform",
      "type": "entity"
    },
    {
      "id": "mode",
      "label": "Mode (rewind or loop)",
      "type": "text",
      "default": "loop"
    }
  ],
  "actions": [
    {
      "id": "next",
      "label": "Go to next position",
      "parameters": []
    },
    {
      "id": "goToIndex",
      "label": "Go to position at index",
      "parameters": [
        {
          "id": "index",
          "label": "Index of position (starts with 0)",
          "type": "integer"
        }
      ]
    }
  ]
}